,id,sentence,subject_entity,object_entity,label,source
114,114,"2018년 7월 1일 CJ E&M을 합병하여 CJ ENM으로 사명을 변경하으며, 현재 CJ오쇼핑은 CJ ENM의 오쇼핑 사업부문을 통칭하는 브랜드로 축소되었다.","{'word': 'CJ E&M', 'start_idx': 12, 'end_idx': 17, 'type': 'ORG'}","{'word': 'CJ오쇼핑', 'start_idx': 48, 'end_idx': 52, 'type': 'ORG'}",no_relation,wikipedia
123,123,"1904년 7월 1일, ""툰-운트 스포트버라인 바이어 04 레버쿠젠"" (Turn- und Spielverein Bayer 04 Leverkusen)의 이름으로 창단되었다.","{'word': '툰-운트 스포트버라인 바이어 04 레버쿠젠', 'start_idx': 14, 'end_idx': 36, 'type': 'ORG'}","{'word': '1904년 7월 1일', 'start_idx': 0, 'end_idx': 10, 'type': 'DAT'}",org:founded,wikipedia
651,651,S★스파이시(S★Spicy)는 스타더스트 프로모션에 소속된 일본의 여성 아이돌 그룹이다.,"{'word': 'S★스파이시', 'start_idx': 0, 'end_idx': 5, 'type': 'ORG'}","{'word': '스타더스트 프로모션', 'start_idx': 17, 'end_idx': 26, 'type': 'ORG'}",org:member_of,wikipedia
780,780,"그 결과 SS-HA는 대폭 감축당했고 친위대 지도본부(SS-FHA), 국가보안본부(RSHA)만한 위세를 누리지는 못하게 되었다.","{'word': 'SS-FHA', 'start_idx': 30, 'end_idx': 35, 'type': 'ORG'}","{'word': '친위대 지도본부', 'start_idx': 21, 'end_idx': 28, 'type': 'ORG'}",org:alternate_names,wikipedia
889,889,KT&G(사장 백복인)가 궐련형 전자담배 ‘릴 하이브리드(lil HYBRID) 1.0’의 기능을 한층 업그레이드한 ‘릴 하이브리드 2.0’을 오는 10일 ‘릴 미니멀리움’ 8개소에서 처음으로 선보인다.,"{'word': 'KT&G', 'start_idx': 0, 'end_idx': 3, 'type': 'ORG'}","{'word': '백복인', 'start_idx': 8, 'end_idx': 10, 'type': 'PER'}",org:top_members/employees,wikitree
1346,1346,SK플래닛 스타크래프트 프로리그 시즌1 3R에서 삼성 갤럭시 칸의 유병준 (현 나진 e-엠파이어 소속 리그 오브 레전드 프로게이머)을 잡고 공식전 데뷔 첫승을 거뒀으며 경기 후 세리머니가 화제가 되었다.,"{'word': '나진 e-엠파이어', 'start_idx': 44, 'end_idx': 52, 'type': 'ORG'}","{'word': '리그 오브 레전드', 'start_idx': 57, 'end_idx': 65, 'type': 'POH'}",no_relation,wikipedia
1414,1414,"이에 그는 2002년 여름 자국 리그의 MŠK 질리나로 이적을 선택하였고, 그해 슬로바키아 수페르리가 챔피언십에서 소속팀이 두 번째 우승컵을 들어올리는 데 결정적인 공헌을 하였다.","{'word': 'MŠK 질리나', 'start_idx': 22, 'end_idx': 28, 'type': 'ORG'}","{'word': '슬로바키아 수페르리가', 'start_idx': 45, 'end_idx': 55, 'type': 'POH'}",org:member_of,wikipedia
1465,1465,"2010년 1월부터 깃허브는 GitHub, Inc. 라는 이름으로 운영되고 있다.","{'word': 'GitHub, Inc.', 'start_idx': 16, 'end_idx': 27, 'type': 'ORG'}","{'word': '깃허브', 'start_idx': 11, 'end_idx': 13, 'type': 'POH'}",org:alternate_names,wikipedia
1508,1508,"한편, 마돈나는 스웨덴의 의류 도매 업체 H&M와 협력해 ""M by Madonna""라는 의류 라인을 개설했고 2006년부터 세계적으로 판매되기 시작했다.","{'word': 'H&M', 'start_idx': 23, 'end_idx': 25, 'type': 'ORG'}","{'word': '스웨덴', 'start_idx': 9, 'end_idx': 11, 'type': 'LOC'}",org:place_of_headquarters,wikipedia
1537,1537,"KT&G(사장 백복인)가 헤파(HEPA, High Efficiency Particulate Air) 소재 필터를 적용해 깔끔함을 강조한 ‘더원 스카이(THE ONE SKY)’를 선보인다고 18일 밝혔다.","{'word': 'KT&G', 'start_idx': 0, 'end_idx': 3, 'type': 'ORG'}","{'word': '백복인', 'start_idx': 8, 'end_idx': 10, 'type': 'PER'}",org:top_members/employees,wikitree
2010,2010,2011년 9월 16일에는 부산-김해경전철주식회사에서 운영하는 부산-김해 경전철이 개통되었다.,"{'word': '부산-김해경전철', 'start_idx': 15, 'end_idx': 22, 'type': 'ORG'}","{'word': '2011년 9월 16일', 'start_idx': 0, 'end_idx': 11, 'type': 'DAT'}",no_relation,wikipedia
2167,2167,"여기에는 라우터, 자동화 컨트롤, 스마트 홈 기술(예: 구글 네스트), 텔레비전(삼성전자, LG전자의 스마트TV는 각각 타이젠과 웹OS를 사용함), 자동차(예: 테슬라, 아우디, 메르세데스-벤츠, 현대자동차, 도요타는 모두 리눅스에 의존함), 디지털 비디오 레코더, 비디오 게임기, 스마트워치가 포함된다.","{'word': '메르세데스-벤츠', 'start_idx': 100, 'end_idx': 107, 'type': 'ORG'}","{'word': '자동차', 'start_idx': 83, 'end_idx': 85, 'type': 'POH'}",no_relation,wikipedia
2418,2418,"이와는 달리 독일은 메르세데스-벤츠, BMW, 아우디, 폴크스바겐 등 세계적으로 유명한 특급 자동차 제조업체를 보유했음에도 수소전기차 분야에선 괄목할 만한 성과를 내지 못하고 있다.","{'word': '메르세데스-벤츠', 'start_idx': 11, 'end_idx': 18, 'type': 'ORG'}","{'word': '자동차 제조업', 'start_idx': 52, 'end_idx': 58, 'type': 'POH'}",no_relation,wikitree
3338,3338,"또 아랍에미리트연합(UAE) 샤르자(Sharjah) 대학의 모함마드 알리 압델카림(Mohammad Ali Abdelkareem) 교수·이나스 타하 사에드(Enas Taha Sayed) 교수, 사우디아라비아 카우스트(KAUST)대학 오바이드(M. Obaid) 박사, 이집트 미니아(Minia) 대학 히가지 레즈크(Hegazy Rezk) 교수가 함께 연구했다.","{'word': '샤르자(Sharjah) 대학', 'start_idx': 16, 'end_idx': 30, 'type': 'ORG'}","{'word': '아랍에미리트연합', 'start_idx': 2, 'end_idx': 9, 'type': 'LOC'}",org:place_of_headquarters,wikitree
3999,3999,"1682년, 다른 프랑스의 탐험가 르네-로베르 카블리에 드 라 살은 미시시피 강을 여행하고 미시시피 강 유역을 프랑스령으로 주장하였다. 라 살은 국왕 루이 14세의 명예를 기려 지방을 ""루이지애나""라고 이름을 지었다.","{'word': '르네-로베르 카블리에 드 라 살', 'start_idx': 19, 'end_idx': 35, 'type': 'PER'}","{'word': '탐험가', 'start_idx': 15, 'end_idx': 17, 'type': 'POH'}",per:title,wikipedia
4116,4116,바젤은 FC 로잔-스포르트와의 5월 9일 2009-10 스위스 컵 결승전 경기에도 6-0으로 승리하였다.,"{'word': 'FC 로잔-스포르트', 'start_idx': 4, 'end_idx': 13, 'type': 'ORG'}","{'word': '스위스', 'start_idx': 31, 'end_idx': 33, 'type': 'POH'}",org:member_of,wikipedia
4122,4122,"대한민국 기반의 걸그룹 f(x)는 크리스탈, 엠버, 빅토리아, 설리, 루나로 구성된 5인조 걸그룹으로 알려져 있었다.","{'word': 'f(x)', 'start_idx': 13, 'end_idx': 16, 'type': 'ORG'}","{'word': '빅토리아', 'start_idx': 29, 'end_idx': 32, 'type': 'PER'}",org:top_members/employees,wikipedia
4349,4349,지드래곤과 T.O.P의 유닛 GD&TOP에서도 볼 수 있듯이 빅뱅은 무대 위 '잘 노는 남자' 아이돌로서 따라 출 수 있는 포인트 안무를 내세우기 보다는 그들만의 개성을 살린 포스로 무대를 장악한다.,"{'word': 'GD&TOP', 'start_idx': 16, 'end_idx': 21, 'type': 'PER'}","{'word': 'T.O.P', 'start_idx': 6, 'end_idx': 10, 'type': 'PER'}",per:employee_of,wikipedia
4813,4813,"또, 2004년 8월 25일에, 칸쟈니∞로서 〈나니와이로하부시〉로 칸사이 한정으로 CD 데뷔해, 동년 9월 22일에 전국 데뷔한다.","{'word': '칸쟈니∞', 'start_idx': 18, 'end_idx': 21, 'type': 'ORG'}","{'word': '2004년 8월 25일', 'start_idx': 3, 'end_idx': 14, 'type': 'DAT'}",org:founded,wikipedia
4957,4957,"2011년 Rizzuto 연구진은 66%의 확률로 아크룩스가 전갈자리-센타우루스자리 성협 내 '아래쪽 센타우루스자리-남십자자리 서브그룹'(Lower Centaurus-Crux sub-group)의 일원일 것이라고 주장했는데, 종전에는 아크룩스가 이 성협의 구성원이 아닌 것으로 보았었다.","{'word': '아래쪽 센타우루스자리-남십자자리 서브그룹', 'start_idx': 53, 'end_idx': 74, 'type': 'ORG'}","{'word': 'Lower Centaurus-Crux sub-group', 'start_idx': 77, 'end_idx': 106, 'type': 'ORG'}",org:alternate_names,wikipedia
5011,5011,KT&G(사장 백복인)가 청년창업 지원 사업인 ‘상상스타트업캠프’ 4기 수료자들의 성과를 발표하는 ‘더 데뷔(THE DEBUT)’를 개최했다고 13일 밝혔다.,"{'word': 'KT&G', 'start_idx': 0, 'end_idx': 3, 'type': 'ORG'}","{'word': '백복인', 'start_idx': 8, 'end_idx': 10, 'type': 'PER'}",org:top_members/employees,wikitree
6082,6082,"앨범에는 에미넴,G-Unit,닥터드레,제이미 폭스 등이 참여하고,영국차트에서도 1위를 한다.","{'word': 'G-Unit', 'start_idx': 9, 'end_idx': 14, 'type': 'PER'}","{'word': '에미넴', 'start_idx': 5, 'end_idx': 7, 'type': 'PER'}",per:colleagues,wikipedia
6324,6324,'미지수'는 설리가 속해있던 그룹 '에프엑스(f(x)(x))'를 나타내며 포근한 이불은 종현 '하루의 끝' 가사에 등장한다.,"{'word': 'f(x)', 'start_idx': 25, 'end_idx': 28, 'type': 'ORG'}","{'word': '에프엑스', 'start_idx': 20, 'end_idx': 23, 'type': 'PER'}",org:alternate_names,wikitree
6740,6740,"이후 태연, 써니, 효연, 유리, 윤아로 소녀시대의 두번째 유닛 그룹 소녀시대-Oh!GG를 결성하였고, 9월 5일 첫 싱글 앨범 《몰랐니 (Lil' Touch)》를 발매했다.","{'word': 'Oh!', 'start_idx': 44, 'end_idx': 46, 'type': 'PER'}","{'word': '소녀시대', 'start_idx': 39, 'end_idx': 42, 'type': 'PER'}",no_relation,wikipedia
7011,7011,《더 빅 리유니언》의 성공을 계기로 B*Witched는 2013년 5월에 영국과 아일랜드를 오가는 아레나 투어 《The Big Reunion》에 참가했다.,"{'word': 'B*Witched', 'start_idx': 20, 'end_idx': 28, 'type': 'ORG'}","{'word': '아일랜드', 'start_idx': 45, 'end_idx': 48, 'type': 'LOC'}",no_relation,wikipedia
7649,7649,"도네츠크-크리보이로크 소비에트 공화국은 돈바스, 하르키우, 예카테리노슬라프 현, 헤르손 현을 포함한 우크라이나 인민공화국의 남부 영토의 소유권을 주장했다.","{'word': '도네츠크-크리보이로크 소비에트 공화국', 'start_idx': 0, 'end_idx': 19, 'type': 'ORG'}","{'word': '하르키우', 'start_idx': 27, 'end_idx': 30, 'type': 'LOC'}",org:members,wikipedia
7852,7852,"데뷔 미니앨범인 《MAMA》는 2012년 4월 8일에 발매되었고, EXO-M의 버전은 출시 하루만에 중국의 음악 차트 정상을 차지했으며, EXO-K의 《MAMA》 뮤직비디오는 유튜브의 글로벌 차트에서 7위를 기록했다.","{'word': 'EXO-M', 'start_idx': 37, 'end_idx': 41, 'type': 'PER'}","{'word': 'MAMA', 'start_idx': 85, 'end_idx': 88, 'type': 'POH'}",per:product,wikipedia
7911,7911,"10월, 지난 5월 자신의 전속계약 무효 소송을 접수한 EXO-M의 전 멤버 크리스에 이어 5개월 만에 멤버 루한은 소속사 측이 미래의 발전에 대한 비전을 제시하지 못했고, 이어 중국인 멤버 차별 대우, 불합리한 이익 분배, 고강도 스케줄 및 스트레스에 따른 건강 이상을 이유로 소속사의 SM 엔터테인먼트을 상대로 서울중앙지방법원에 전속계약 무효 소송을 제기했다.","{'word': 'EXO-M', 'start_idx': 31, 'end_idx': 35, 'type': 'PER'}","{'word': 'SM 엔터테인먼트', 'start_idx': 161, 'end_idx': 169, 'type': 'ORG'}",per:employee_of,wikipedia
7964,7964,"피에몬테, 롬바르디아, 트렌티노-알토 아디제, 베네토, 프리울리-베네치아 줄리아, 리구리아, 에밀리아, 로마냐, 토스카나, 움브리아, 마르케, 라치오, 아브루초, 몰리세, 캄파니아, 풀리아, 살렌토, 루카니아, 칼라브리아, 시칠리아, 사르데냐, 발레 다오스타로 정했다.","{'word': '프리울리-베네치아', 'start_idx': 31, 'end_idx': 39, 'type': 'PER'}","{'word': '베네토', 'start_idx': 26, 'end_idx': 28, 'type': 'PER'}",no_relation,wikipedia
9176,9176,"이 노래는 2013년 7월 29일 SM 엔터테인먼트에서 발매한 f(x)의 두번째 정규 음반 ""Pink Tape""에 트랙으로 수록되었다.","{'word': 'f(x)', 'start_idx': 35, 'end_idx': 38, 'type': 'ORG'}","{'word': 'SM 엔터테인먼트', 'start_idx': 19, 'end_idx': 27, 'type': 'ORG'}",org:member_of,wikipedia
9243,9243,"백복인 KT&G 사장은 “PMI의 글로벌 유통망과 마케팅 인프라는 월등한 수준이다. 이번 협업을 통해 세계적으로 KT&G 제품의 인지도와 이미지를 높이고, PMI의 인프라를 활용하는 것이 수익성 제고에도 효과적이라고 판단했다”고 말했다.","{'word': 'KT&G', 'start_idx': 4, 'end_idx': 7, 'type': 'ORG'}","{'word': '백복인', 'start_idx': 0, 'end_idx': 2, 'type': 'PER'}",org:top_members/employees,wikitree
9265,9265,현재 현대로템(주)는 현대자동차(주)가 최대주주로 43.36%의 지분을 보유하고 있다.,"{'word': '현대로템(주)', 'start_idx': 3, 'end_idx': 9, 'type': 'ORG'}","{'word': '현대자동차(주)', 'start_idx': 12, 'end_idx': 19, 'type': 'ORG'}",no_relation,wikipedia
9540,9540,"이는 SM 엔터테인먼트에서 2009년 9월 데뷔한 f(x)와 이전의 소녀시대 이후 5년 만에 선보이는 걸그룹이자, 4인조로 구성된 걸그룹이다.","{'word': 'f(x)', 'start_idx': 28, 'end_idx': 31, 'type': 'ORG'}","{'word': 'SM 엔터테인먼트', 'start_idx': 3, 'end_idx': 11, 'type': 'ORG'}",org:member_of,wikipedia
9590,9590,"이 선거에는 짐바브웨 아프리카 민족 연맹 - 애국 전선(여당)의 로버트 무가베 대통령과 민주변화운동 - 창기라이의 모건 창기라이, 무소속의 심바 마코니, 랭턴 토운가나 후보가 참여 하였다.","{'word': '민주변화운동 - 창기라이', 'start_idx': 49, 'end_idx': 61, 'type': 'ORG'}","{'word': '모건 창기라이', 'start_idx': 64, 'end_idx': 70, 'type': 'PER'}",org:top_members/employees,wikipedia
9766,9766,US-방글라 항공은 다카의 샤잘랄 국제공항에 본사를 둔 방글라데시 민간 항공사다.,"{'word': 'US-방글라 항공', 'start_idx': 0, 'end_idx': 8, 'type': 'ORG'}","{'word': '샤잘랄 국제공항', 'start_idx': 15, 'end_idx': 22, 'type': 'LOC'}",org:place_of_headquarters,wikipedia
10330,10330,도네츠크-크리보이로크 소비에트 공화국은 우크라이나에서 1918년 2월 12일 독립한 러시아 SFSR의 소비에트 공화국이다.,"{'word': '도네츠크-크리보이로크 소비에트 공화국', 'start_idx': 0, 'end_idx': 19, 'type': 'ORG'}","{'word': '1918년 2월 12일', 'start_idx': 30, 'end_idx': 41, 'type': 'DAT'}",org:founded,wikipedia
10636,10636,한국수자원공사[K-water] 포항권관리단에서 운영하고 있다.,"{'word': 'K-water', 'start_idx': 8, 'end_idx': 14, 'type': 'ORG'}","{'word': '한국수자원공사', 'start_idx': 0, 'end_idx': 6, 'type': 'ORG'}",org:alternate_names,wikipedia
10773,10773,5일(한국시각) 영국 브라이턴의 아멕스 스타디움에서 브라이턴 & 호브 앨비언과 토트넘의 프리미어리그 8라운드 경기가 열렸다.,"{'word': '브라이턴 & 호브 앨비언', 'start_idx': 29, 'end_idx': 41, 'type': 'ORG'}","{'word': '프리미어리그', 'start_idx': 49, 'end_idx': 54, 'type': 'ORG'}",org:member_of,wikitree
11137,11137,"특히, 홍콩 공연과 마카오 공연 때는 울림엔터테인먼트가 SM C&C로 흡수 합병되면서 SM C&C로 넘어온 테이스티가 오프닝 무대를 꾸며 화제가 되었다.","{'word': 'SM C&C', 'start_idx': 48, 'end_idx': 53, 'type': 'ORG'}","{'word': '울림엔터테인먼트', 'start_idx': 21, 'end_idx': 28, 'type': 'ORG'}",no_relation,wikipedia
11267,11267,"매각 대상에는 버스 차량 뿐만 아니라 영업권과 면허권까지 포함되었으며, 이를 계기로 금아버스그룹은 마창진권 시내버스의 운송법인으로 (주)마인버스를 설립하여 기존의 시민버스가 전담했던 일부 노선의 운영권을 승계하여 마창진 시내버스 공동배차에 전격 참여하게 되었다.","{'word': '(주)마인버스', 'start_idx': 73, 'end_idx': 79, 'type': 'ORG'}","{'word': '금아버스그룹', 'start_idx': 47, 'end_idx': 52, 'type': 'ORG'}",org:member_of,wikipedia
11466,11466,"예명인 k-os(/ˈkeɪ.ɒs/, [[카오스])로 더 잘 알려진 케빈 브레러턴 (Kevin Brereton) 은 [[캐나다|캐나다인] 랩퍼, 가수, 송라이터, 레코드 프로듀서이다.","{'word': 'k-os', 'start_idx': 4, 'end_idx': 7, 'type': 'PER'}","{'word': 'Kevin Brereton', 'start_idx': 46, 'end_idx': 59, 'type': 'PER'}",per:alternate_names,wikipedia
11530,11530,또한 2009년 컨스트럭터 챔피언십 우승을 차지했던 브론 GP는 독일의 자동차 기업 메르세데스-벤츠에 인수되어 메르세데스 GP가 되었다.,"{'word': '메르세데스-벤츠', 'start_idx': 47, 'end_idx': 54, 'type': 'ORG'}","{'word': '자동차', 'start_idx': 40, 'end_idx': 42, 'type': 'POH'}",org:product,wikipedia
11739,11739,"이번 결산 공연에서는 ‘레드벨벳(Red Velvet)’, 엑소 ‘첸(Chen)’, ‘10cm’, ‘pH-1(피에이치원)’, ‘김하온’, ‘범키(Bumkey)’, ‘노라조’ 등 다양한 장르의 핫한 아티스트들이 참여했다.","{'word': 'pH-1', 'start_idx': 55, 'end_idx': 58, 'type': 'ORG'}","{'word': '피에이치원', 'start_idx': 60, 'end_idx': 64, 'type': 'PER'}",org:alternate_names,wikitree
12175,12175,"1682년, 탐험가 르네-로베르 카블리에 드 라 살은 형재 콜로라도 동부를 포함한 지역에 대한 프랑스의 소유를 주장하였다.","{'word': '르네-로베르 카블리에 드 라 살', 'start_idx': 11, 'end_idx': 27, 'type': 'PER'}","{'word': '탐험가', 'start_idx': 7, 'end_idx': 9, 'type': 'POH'}",per:title,wikipedia
12416,12416,"태양과 지드래곤은 솔로 음반을 발표하고, 지드래곤과 T.O.P은 GD&TOP이라는 힙합 유닛을 결성하였으며 대성은 뮤지컬과 예능 프로그램 진행자로 활동하였고, T.O.P은 배우로 활동했다.","{'word': 'GD&TOP', 'start_idx': 36, 'end_idx': 41, 'type': 'PER'}","{'word': 'T.O.P', 'start_idx': 89, 'end_idx': 93, 'type': 'PER'}",per:employee_of,wikipedia
12477,12477,강진군은 24일 서울시 서초구에 위치한 동원F&B를 방문해 좋은 일자리 창출로 지역경제 활성화에 크게 기여한 동원F&B 김재옥 대표에게 감사패를 전달했다.,"{'word': '동원F&B', 'start_idx': 22, 'end_idx': 26, 'type': 'ORG'}","{'word': '김재옥', 'start_idx': 67, 'end_idx': 69, 'type': 'PER'}",org:top_members/employees,wikitree
12522,12522,"1997년에 DFB-리가포칼이 생기면서 흡수되었다가 2008년에 리가포칼이 폐지되면서 다시 독일 슈퍼컵이 부활하였으나 독일 축구 협회가 승인하지 않아 2008, 2009년 대회는 비공식 대회로 진행되었고 2010년에 정식으로 승인을 받으면서 독일의 공식 축구 대회로 인정받고 있다.","{'word': 'DFB-리가포칼', 'start_idx': 7, 'end_idx': 14, 'type': 'ORG'}","{'word': '1997년', 'start_idx': 0, 'end_idx': 4, 'type': 'DAT'}",org:founded,wikipedia
14004,14004,《4 Walls》는 2015년 10월 27일 SM 엔터테인먼트가 발매한 대한민국의 걸그룹 f(x)의 네 번째 정규 음반이다.,"{'word': 'f(x)', 'start_idx': 50, 'end_idx': 53, 'type': 'ORG'}","{'word': 'SM 엔터테인먼트', 'start_idx': 25, 'end_idx': 33, 'type': 'ORG'}",org:member_of,wikipedia
14418,14418,"작은 바위 담마 칙령 1호의 구자라본에서도 아쇼카의 이름은 그의 정식 명칭인 ""데바남피야 피야다시 아소카라자(Devanampiya Piyadasi Asokaraja)""와 함께 사용되고 있다.","{'word': '아소카라자(Devanampiya Piyadasi Asokaraja)', 'start_idx': 55, 'end_idx': 91, 'type': 'PER'}","{'word': '데바남피야 피야다시', 'start_idx': 44, 'end_idx': 53, 'type': 'PER'}",no_relation,wikipedia
15794,15794,"그 결과 SS-HA는 대폭 감축당했고 친위대 지도본부(SS-FHA), 국가보안본부(RSHA)만한 위세를 누리지는 못하게 되었다.","{'word': 'SS-HA', 'start_idx': 5, 'end_idx': 9, 'type': 'ORG'}","{'word': '친위대', 'start_idx': 21, 'end_idx': 23, 'type': 'ORG'}",no_relation,wikipedia
15836,15836,이후 쌍용차는 2009년 부터 기업회생절차를 거처서 2010년 11월에 매각 협상의 우성협상대상자인 인도의 자동차업체 마힌드라 & 마힌드라와 회사의 지분 70%를 가져가는 인수 협상을 채결하면서 2011년에 쌍용자동차의 기업회생절차가 종료된다.,"{'word': '마힌드라 & 마힌드라', 'start_idx': 66, 'end_idx': 76, 'type': 'ORG'}","{'word': '자동차', 'start_idx': 60, 'end_idx': 62, 'type': 'POH'}",no_relation,wikipedia
15854,15854,"부산-김해경전철운영 주식회사는 김해시와 부산교통공사, 서울교통공사가 공동으로 출자한 회사로, 부산교통공사가 부산 도시철도의 건설과 운영을 함께 하는 것과 달리 운영만을 일임하는 회사이다.","{'word': '부산-김해경전철운영', 'start_idx': 0, 'end_idx': 9, 'type': 'ORG'}","{'word': '서울교통공사', 'start_idx': 30, 'end_idx': 35, 'type': 'ORG'}",no_relation,wikipedia
15879,15879,대한민국은 2006년 기준으로 F-15E를 개량한 보잉 F-15K 슬램 이글을 도입 완료했다.,"{'word': '보잉 F-15K 슬램 이글', 'start_idx': 28, 'end_idx': 41, 'type': 'ORG'}","{'word': 'F-15E', 'start_idx': 17, 'end_idx': 21, 'type': 'POH'}",no_relation,wikipedia
16149,16149,"알렉세이 페트로비치 베스투제프 - 류민 백작(Aleksei Petrovich Bestuzhev-Ryumin, 율리우스력 1693년 5월 22일 - 율리우스력 1768년 4월 10일)는 제정 러시아의 정치인, 외교관, 귀족이다.","{'word': '알렉세이 페트로비치 베스투제프 - 류민 백작', 'start_idx': 0, 'end_idx': 23, 'type': 'PER'}","{'word': '정치인', 'start_idx': 111, 'end_idx': 113, 'type': 'POH'}",per:title,wikipedia
16270,16270,"카가미네 린·렌은 크립톤 퓨처 미디어가 2007년 12월 27일 별자리 염소자리를 발매한, 야마하의 보컬 음성합성 소프트웨어 VOCALOID2를 기반으로 한 소프트웨어 및 소프트웨어의 캐릭터를 가리킨다.","{'word': '카가미네 린·렌', 'start_idx': 0, 'end_idx': 7, 'type': 'PER'}","{'word': '2007년 12월 27일', 'start_idx': 22, 'end_idx': 34, 'type': 'DAT'}",per:date_of_birth,wikipedia
16470,16470,2015-16 2. 분데스리가 시즌에서 32경기에 출전하여 팀의 2. 분데스리가 준우승과 푸스발-분데스리가 승격에 기여했고 2016-17 푸스발-분데스리가 시즌에서는 28경기에 출전하여 팀의 푸스발-분데스리가 준우승과 사상 첫 UEFA 챔피언스리그 조별 예선 진출에 기여했다.,"{'word': '푸스발-분데스리가', 'start_idx': 50, 'end_idx': 58, 'type': 'ORG'}","{'word': 'UEFA', 'start_idx': 127, 'end_idx': 130, 'type': 'POH'}",org:member_of,wikipedia
16477,16477,"김기창(金基昶, 1913년 2월 18일 ~ 2001년 1월 23일)은 대한민국의 동양화가로, 호는 운보(雲甫), 운포(雲圃)이다.","{'word': '金基昶', 'start_idx': 4, 'end_idx': 6, 'type': 'PER'}","{'word': '김기창', 'start_idx': 0, 'end_idx': 2, 'type': 'PER'}",per:alternate_names,wikipedia
16674,16674,1999년 12월 2일 E미래에셋증권(주)으로 설립한 뒤 2000년 9월 지금의 상호로 변경하였다.,"{'word': 'E미래에셋증권(주)', 'start_idx': 13, 'end_idx': 22, 'type': 'ORG'}","{'word': '1999년 12월 2일', 'start_idx': 0, 'end_idx': 11, 'type': 'DAT'}",org:founded,wikipedia
16936,16936,"부산 도시철도는 공기업인 부산교통공사와 한국철도공사 부산경남본부, 민간기업인 부산-김해경전철 (기업) 세 기관이 운영하고 있다.","{'word': '부산-김해경전철', 'start_idx': 43, 'end_idx': 50, 'type': 'ORG'}","{'word': '부산 도시철도', 'start_idx': 0, 'end_idx': 6, 'type': 'ORG'}",org:member_of,wikipedia
17035,17035,"그는 레오나르도 ""다빈치 (Leonardo Da Vinci)"" 처럼 공학, 과학 및 예술에 대한 적성 때문에 국제 언론에 의해 현대 레오나르도 다빈치 (""Leonardo Da Vinci"")라는 별명을 갖고 있습니다.","{'word': '레오나르도 ""다빈치', 'start_idx': 3, 'end_idx': 12, 'type': 'PER'}","{'word': 'Leonardo Da Vinci', 'start_idx': 15, 'end_idx': 31, 'type': 'PER'}",per:alternate_names,wikipedia
17230,17230,"피녜라는 칠레 전국으로 방송하는 지상파 채널 칠레비전의 100%, 란 항공의 27%, 축구 클럽 콜로-콜로 (Club Social y Deportivo Colo-Colo)의 13% 를 소유하고 있으며, 키녠코 (Quiñenco), 에너시스 (Enersis), 소키미치 (Soquimich) 같은 회사의 주식의 상당량을 보유하고 있다.","{'word': '콜로-콜로', 'start_idx': 54, 'end_idx': 58, 'type': 'ORG'}","{'word': 'Club Social y Deportivo Colo-Colo', 'start_idx': 61, 'end_idx': 93, 'type': 'ORG'}",org:alternate_names,wikipedia
17452,17452,"1990년 FIFA 월드컵부터 2006년 FIFA 월드컵까지 5번의 월드컵 공연에 참가하였고, T-모바일, DHL 등 세계적인 기업들의 CF에 출연하였다.","{'word': 'T-모바일', 'start_idx': 53, 'end_idx': 57, 'type': 'ORG'}","{'word': '1990년', 'start_idx': 0, 'end_idx': 4, 'type': 'DAT'}",no_relation,wikipedia
17755,17755,"미국의 빅3 (다임러-크라이슬러, 포드, 제네럴 모터스), 일본의 도요타, 혼다, 미쓰비시 등의 완성차 메이커와 가야바, 덴소, 보쉬 등의 자동차 부품 생산 업체, Dassault System등의 자동차 설계 관련 프로그램 회사 등 많은 회사들이 자발적으로 후원하고 있다.","{'word': '다임러-크라이슬러', 'start_idx': 8, 'end_idx': 16, 'type': 'ORG'}","{'word': '자동차', 'start_idx': 78, 'end_idx': 80, 'type': 'POH'}",org:product,wikipedia
17756,17756,그룹 에프엑스(f(x)(x)) 멤버 엠버가 SM엔터테인먼트를 떠난다.,"{'word': 'f(x)', 'start_idx': 8, 'end_idx': 11, 'type': 'ORG'}","{'word': '에프엑스', 'start_idx': 3, 'end_idx': 6, 'type': 'PER'}",org:alternate_names,wikitree
18437,18437,"조-본 버지니 스콧 (Jo-Vaughn Virginie Scott, 1995년 1월 20일, 뉴욕주 브루클린 ~)은 흔히 조이 배드애스(Joey Bada$$)로 잘 알려진 미국의 힙합 가수이다.","{'word': 'Joey Bada$$', 'start_idx': 76, 'end_idx': 86, 'type': 'PER'}","{'word': 'Jo-Vaughn Virginie Scott', 'start_idx': 12, 'end_idx': 35, 'type': 'PER'}",per:alternate_names,wikipedia
18554,18554,핀란드 컴퓨터 보안 회사인 F-Secure의 수석연구원 미코 휘푀넨(Mikko Hyppönen) 또한 여기에 동의했다.,"{'word': 'F-Secure', 'start_idx': 15, 'end_idx': 22, 'type': 'ORG'}","{'word': '컴퓨터', 'start_idx': 4, 'end_idx': 6, 'type': 'POH'}",no_relation,wikipedia
18561,18561,"RÚV는 1930년에 라디오 방송을 시작하였고, 1966년에 텔레비전 방송을 시작하였다.","{'word': 'RÚV', 'start_idx': 0, 'end_idx': 2, 'type': 'ORG'}","{'word': '1930년', 'start_idx': 5, 'end_idx': 9, 'type': 'DAT'}",no_relation,wikipedia
18690,18690,"이후 아이돌 연습생으로 트레이닝을 받은 설리는 2009년에 그룹 f(x)(에프엑스)로 데뷔해 '첫사랑니', '레드 라이트' 등의 곡을 발표해 인기를 끌었다.","{'word': 'f(x)', 'start_idx': 36, 'end_idx': 39, 'type': 'ORG'}","{'word': '에프엑스', 'start_idx': 41, 'end_idx': 44, 'type': 'PER'}",org:alternate_names,wikitree
18894,18894,"SS-HA는 일반친위대, 강제수용소, 친위대 특무부대, 국경연대를 감독했다.","{'word': 'SS-HA', 'start_idx': 0, 'end_idx': 4, 'type': 'ORG'}","{'word': '친위대', 'start_idx': 9, 'end_idx': 11, 'type': 'ORG'}",org:members,wikipedia
19384,19384,"1998년 안정환, 이동국과 함께 1990년대를 대표하는 트로이카를 형성하며 축구장에 오빠부대를 이끌며 K-리그에 엄청난 인기를 불러일으키며 대한민국 축구계의 르네상스를 이끌었고, 2001년 3월에는 아시안 클럽 챔피언십에서 인상적인 플레이를 펼쳐 'AFC 3월의 선수'에 선정되기도 하였다.","{'word': 'K-리그', 'start_idx': 58, 'end_idx': 61, 'type': 'ORG'}","{'word': 'AFC', 'start_idx': 140, 'end_idx': 142, 'type': 'ORG'}",no_relation,wikipedia
20403,20403,2010년 1월에는 SM 엔터테인먼트 소속인 f(x)와 함께 프랑스에서 열리는 《미뎀 2010》에 한국 음악시장을 홍보 및 유럽 진출을 위해 참여하였다.,"{'word': 'f(x)', 'start_idx': 25, 'end_idx': 28, 'type': 'ORG'}","{'word': 'SM 엔터테인먼트', 'start_idx': 11, 'end_idx': 19, 'type': 'ORG'}",org:member_of,wikipedia
21015,21015,"4월 8일, 해운회사 A.P. 몰러-머스크 그룹의 사장인 아르놀드 페테르 묄레르는 점령 지역에서 가능한 한 연합국 또는 중립국 항만으로 이동하라고 지시함에 따라 덴마크 상선 대부분은 독일군에게서 피할 수 있었다.","{'word': 'A.P. 몰러-머스크 그룹', 'start_idx': 12, 'end_idx': 25, 'type': 'ORG'}","{'word': '덴마크', 'start_idx': 90, 'end_idx': 92, 'type': 'LOC'}",no_relation,wikipedia
21459,21459,해남군은 5일 물 전문기관인 한국수자원공사(K-water)와 안전하고 깨끗한 물 공급을 위한 지방상수도 현대화사업 위·수탁 협약을 체결했다.,"{'word': 'K-water', 'start_idx': 24, 'end_idx': 30, 'type': 'ORG'}","{'word': '한국수자원공사', 'start_idx': 16, 'end_idx': 22, 'type': 'ORG'}",org:alternate_names,wikitree
22101,22101,"이후 1년여후에는 T.O.P과 함께 GD&TOP라는 유닛을 결성해 《GD&TOP》(2010)을 발표, ""High High"", ""Oh Yeah""와 ""뻑이 가요"", ""집에 가지마"" 등의 곡을 히트시켰다.","{'word': 'GD&TOP', 'start_idx': 20, 'end_idx': 25, 'type': 'PER'}","{'word': 'T.O.P', 'start_idx': 10, 'end_idx': 14, 'type': 'PER'}",no_relation,wikipedia
22669,22669,2004년에 SC 07 바트노이에나어(SC 07 Bad Neuenahr)로 이적하면서 프라우엔-분데스리가(Frauen-Bundesliga) 무대에 데뷔했고 2005년에는 프리츠 발터 메달 여자 부문 동메달을 수상했다.,"{'word': '프라우엔-분데스리가', 'start_idx': 48, 'end_idx': 57, 'type': 'ORG'}","{'word': 'Frauen-Bundesliga', 'start_idx': 59, 'end_idx': 75, 'type': 'ORG'}",org:alternate_names,wikipedia
22732,22732,2013년 11월 9일 함부르크 SV가 30년 동안 보유하고 있던 36경기 연속 푸스발-분데스리가 무패 기록을 갱신했으며 2013년 11월 27일에는 CSKA 모스크바와의 원정 경기에서 3-1 승리를 기록하면서 UEFA 챔피언스리그 역사상 최초로 10연승 기록을 수립하였다.,"{'word': '푸스발-분데스리가', 'start_idx': 45, 'end_idx': 53, 'type': 'ORG'}","{'word': 'UEFA', 'start_idx': 118, 'end_idx': 121, 'type': 'POH'}",org:member_of,wikipedia
22793,22793,부정적인 요소로는 다른 나라들과 마찬가지로 오스트리아-헝가리 제국에서도 반가톨릭 성향의 자유주의자들이 세력을 구성하여 1870년 프란츠 요제프 1세 황제에게 1855년에 바티칸과 맺은 조약을 파기하도록 압력을 넣은 정치적 움직임이 일어났다는 것이다.,"{'word': '오스트리아-헝가리 제국', 'start_idx': 24, 'end_idx': 35, 'type': 'ORG'}","{'word': '가톨릭', 'start_idx': 41, 'end_idx': 43, 'type': 'ORG'}",org:political/religious_affiliation,wikipedia
22892,22892,"프란츠 페르디난트 카를 루트비히 요제프 마리아 폰 외스터라이히에스테 대공(1863년 12월 18일 ~ 1914년 6월 28일)는 오스트리아-헝가리 제국의 제위 계승자로, 프란츠 요제프 1세의 조카이다.","{'word': '오스트리아-헝가리 제국', 'start_idx': 72, 'end_idx': 83, 'type': 'ORG'}","{'word': '프란츠 요제프 1세', 'start_idx': 95, 'end_idx': 104, 'type': 'PER'}",no_relation,wikipedia
23123,23123,"2008년, 대구 FC U-18팀인 현풍고등학교 축구부 감독이 되었으며, 2012년까지 역임하였다.","{'word': '대구 FC U-18', 'start_idx': 7, 'end_idx': 16, 'type': 'ORG'}","{'word': '현풍고등학교 축구부', 'start_idx': 20, 'end_idx': 29, 'type': 'ORG'}",org:members,wikipedia
23241,23241,"가톨릭평화방송(가톨릭平和放送, Catholic Peace Broadcasting Corporation)은 천주교 서울대교구에서 직영하는 대한민국의 로마 가톨릭교회 계통 케이블 텔레비전·위성방송 및 FM 라디오 방송국이다.","{'word': '가톨릭平和放送', 'start_idx': 8, 'end_idx': 14, 'type': 'ORG'}","{'word': '가톨릭평화방송', 'start_idx': 0, 'end_idx': 6, 'type': 'ORG'}",org:alternate_names,wikipedia
23340,23340,"김태연(1989년 3월 9일 ~)은 대한민국의 가수로, 걸 그룹 소녀시대, 소녀시대-태티서 및 소녀시대-Oh!GG의 리더이자 메인보컬이다.","{'word': 'Oh!', 'start_idx': 58, 'end_idx': 60, 'type': 'PER'}","{'word': '소녀시대', 'start_idx': 42, 'end_idx': 45, 'type': 'PER'}",no_relation,wikipedia
23802,23802,"론-로베르트 칠러(Ron-Robert Zieler, 1989년 2월 12일, 쾰른 ~)는 독일의 축구 선수로, 현재 분데스리가 1. FC 쾰른에서 골키퍼로 활약하고 있다.","{'word': '론-로베르트 칠러', 'start_idx': 0, 'end_idx': 8, 'type': 'PER'}","{'word': 'Ron-Robert Zieler', 'start_idx': 10, 'end_idx': 26, 'type': 'PER'}",per:alternate_names,wikipedia
24059,24059,2017년 2월 10일 장제원의 아들 NO:EL(장용준)이 Mnet에서 방영된 고등래퍼에 출연하면서 성매매 논란에 휩싸였다.,"{'word': 'NO:EL', 'start_idx': 21, 'end_idx': 25, 'type': 'PER'}","{'word': '장용준', 'start_idx': 27, 'end_idx': 29, 'type': 'PER'}",per:alternate_names,wikipedia
24067,24067,"1년 간의 활동 중단 이후 2015년 8월 7일, SM 엔터테인먼트는 설리가 연기 활동에 집중하기 위해 그룹에서 탈퇴하고, f(x)는 네 명의 멤버로 그룹 활동을 이어간다고 공식 발표하였으며, 그룹의 활동과 멤버들의 개별 활동, 설리의 활동 모두 적극 지원해 나갈 계획이라고 덧붙였다.","{'word': 'f(x)', 'start_idx': 69, 'end_idx': 72, 'type': 'ORG'}","{'word': 'SM 엔터테인먼트', 'start_idx': 28, 'end_idx': 36, 'type': 'ORG'}",org:member_of,wikipedia
24295,24295,"때문에 베트남 축구 연맹은 트리스탕에게 베트남 U-23 축구 국가대표팀에 뛸 것을 제안했지만, 트리스탕은 태국 국가대표팀을 선택했다.","{'word': '베트남 U-23 축구 국가대표팀', 'start_idx': 22, 'end_idx': 38, 'type': 'ORG'}","{'word': '베트남 축구 연맹', 'start_idx': 4, 'end_idx': 12, 'type': 'ORG'}",org:member_of,wikipedia
24380,24380,"신세계그룹(新世界그룹, Shinsegae Group)은 (주)신세계를 모회사로 하는 대한민국의 기업 집단이다.","{'word': '(주)신세계', 'start_idx': 31, 'end_idx': 36, 'type': 'ORG'}","{'word': '신세계그룹', 'start_idx': 0, 'end_idx': 4, 'type': 'ORG'}",org:members,wikipedia
24462,24462,B*Witched(비위치드)는 아일랜드의 4인조 걸 그룹이다.,"{'word': 'B*Witched', 'start_idx': 0, 'end_idx': 8, 'type': 'ORG'}","{'word': '아일랜드', 'start_idx': 17, 'end_idx': 20, 'type': 'LOC'}",org:member_of,wikipedia
24892,24892,1915년 그는 빈을 방문하여 오스트리아-헝가리 제국의 프란츠 요제프 1세 황제와 이탈리아 문제를 놓고 교섭하였다.,"{'word': '오스트리아-헝가리 제국', 'start_idx': 17, 'end_idx': 28, 'type': 'ORG'}","{'word': '프란츠 요제프 1세', 'start_idx': 31, 'end_idx': 40, 'type': 'PER'}",org:top_members/employees,wikipedia
25019,25019,"2017년 1월 야후!는 버라이즌 커뮤니케이션스에 인수되었고, 7월 AOL과 합병하여, 오아츠로 설립되었고, 사명이 변경되어 현재는 버라이즌 미디어(Verizon Media)가 되었다.","{'word': '야후!', 'start_idx': 9, 'end_idx': 11, 'type': 'ORG'}","{'word': '버라이즌 미디어', 'start_idx': 74, 'end_idx': 81, 'type': 'ORG'}",org:alternate_names,wikipedia
25141,25141,KT&G(사장 백복인)가 지난 20일 아동복지시설 및 가정위탁 보호종료청년들을 돕기 위해 ‘아름다운재단’에 기부금을 전달했다고 21일 밝혔다.,"{'word': 'KT&G', 'start_idx': 0, 'end_idx': 3, 'type': 'ORG'}","{'word': '백복인', 'start_idx': 8, 'end_idx': 10, 'type': 'PER'}",org:top_members/employees,wikitree
25936,25936,크루즈/와그너 프로덕션스는 영화 배우 톰 크루즈와 영화 제작자 폴라 와그너가 톰 크루즈가 출연하는 프로젝트를 보다 효율적으로 제어하고 이익을 많이 확보하기 위해 설립된 미국의 영화 제작사이다.,"{'word': '크루즈/와그너 프로덕션스', 'start_idx': 0, 'end_idx': 12, 'type': 'ORG'}","{'word': '톰 크루즈', 'start_idx': 43, 'end_idx': 47, 'type': 'PER'}",org:founded_by,wikipedia
26203,26203,"래퍼 데뷔 당시에는 미국의 래퍼 에이셉 라키 (A$AP Rocky)에서 이름을 딴 예명인 AXAX 쿠디 (AXAX Kuddy)라는 예명을 사용했고 열다 크루, sector 소속으로 활동했다.","{'word': 'A$AP Rocky', 'start_idx': 26, 'end_idx': 35, 'type': 'ORG'}","{'word': '에이셉 라키', 'start_idx': 18, 'end_idx': 23, 'type': 'PER'}",org:alternate_names,wikipedia
26568,26568,"메르세데스-벤츠 E 클래스(Mercedes-Benz E-Class)는 다임러 AG가 제조하여 독일의 프리미엄 자동차 제조사인 메르세데스-벤츠 브랜드로 판매하는 준대형 세단, 쿠페, 컨버터블, 스테이션 왜건이다.","{'word': '메르세데스-벤츠', 'start_idx': 70, 'end_idx': 77, 'type': 'ORG'}","{'word': '다임러 AG', 'start_idx': 39, 'end_idx': 44, 'type': 'ORG'}",no_relation,wikipedia
26740,26740,"2010년 3월 6일, YG 엔터테인먼트는 G-Dragon의 솔로콘서트 《샤인 어 라이트》 라이브앨범에 ""Heart breaker""이 표절논란에 휘말렸을 당시 원곡자로 거론됐던 뮤지션 플로라이다가 직접 피처링에 참여한 새로운 버전의 ""Heart breaker""를 보너스CD에 수록한다고 발표했다.","{'word': 'G-Dragon', 'start_idx': 24, 'end_idx': 31, 'type': 'PER'}","{'word': 'YG 엔터테인먼트', 'start_idx': 13, 'end_idx': 21, 'type': 'ORG'}",per:employee_of,wikipedia
27006,27006,"2013년 2월 6일부터 2년간 하이프레시 블레이드(전 나진 e-엠파이어)의 형제팀(화이트 실드, 블랙 소드)의 식스맨 전담 코치로 활동하며 NLB 2회 연속 우승(NLB 스프링 2013, NLB 서머 2013) 및 3회 연속 준우승(NLB 윈터 2013-2014, NLB 스프링 2014, NLB 서머 2014), LoL 마스터즈 2014 준플레이오프 진출, 리그 오브 레전드 월드 챔피언십 시즌 3 4강 진출을 이끌었으며 이후 2016년 10월 28일 OGN 엔투스의 코치로 부임하며 챌린저스 스프링 2017 준우승, 챌린저스 서머 2017 우승을 지휘했으나 LCK 승격까지는 이끌지 못한 채 결국 2017년 11월 13일 OGN과의 계약을 종료했다.","{'word': '나진 e-엠파이어', 'start_idx': 31, 'end_idx': 39, 'type': 'ORG'}","{'word': '리그 오브 레전드', 'start_idx': 202, 'end_idx': 210, 'type': 'POH'}",no_relation,wikipedia
27347,27347,이 선거에는 1차 투표에서 높은 득표율을 얻은 짐바브웨 아프리카 민족 연맹 - 애국 전선(여당)의 로버트 무가베 대통령과 민주변화운동의 모건 창기라이 후보가 참여하였다.,"{'word': '짐바브웨 아프리카 민족 연맹 - 애국 전선', 'start_idx': 26, 'end_idx': 48, 'type': 'ORG'}","{'word': '로버트 무가베', 'start_idx': 55, 'end_idx': 61, 'type': 'PER'}",org:top_members/employees,wikipedia
27494,27494,엘리자베트 아말리에 오이게니 인 바이에른 여공작(1837년 12월 24일 ~ 1898년 9월 10일)는 오스트리아-헝가리 제국 프란츠 요제프 1세(Franz Joseph I)의 황후이다.,"{'word': '오스트리아-헝가리 제국', 'start_idx': 58, 'end_idx': 69, 'type': 'ORG'}","{'word': '프란츠 요제프 1세', 'start_idx': 71, 'end_idx': 80, 'type': 'PER'}",org:top_members/employees,wikipedia
27529,27529,"K-리그 창설 원년인 1983년 할렐루야 독수리에서 데뷔하여, 그 해 K리그 초대 우승에 크게 공헌하여 초대 MVP를 받게 되었다.","{'word': 'K-리그', 'start_idx': 0, 'end_idx': 3, 'type': 'ORG'}","{'word': '1983년', 'start_idx': 12, 'end_idx': 16, 'type': 'DAT'}",org:founded,wikipedia
28522,28522,"1995년 스티븐 스필버그 등이 설립한 美 드림웍스 투자, 1996년 국내 최초 멀티플렉스 극장 ‘CGV’ 설립, 2000년 39쇼핑 (현 CJ오쇼핑)인수, 2011년 CJ미디어, 온미디어, CJ인터넷, 엠넷미디어, CJ엔터테인먼트를 합병한 CJ E&M의 출범과 물류업계 1위 대한통운 인수 등을 통해 2014년 12월 기준 총자산 24조 1210억원, 계열사 73개사로 재계 14위, 시가 총액 7위를 기록했다.","{'word': 'CJ E&M', 'start_idx': 135, 'end_idx': 140, 'type': 'ORG'}","{'word': 'CJ오쇼핑', 'start_idx': 78, 'end_idx': 82, 'type': 'ORG'}",org:members,wikipedia
29085,29085,"또한 이 싱글에 수록 된 두 곡은 ""우리 사랑하지 말아요""와 GD&TOP이 지난 2010년에 이어 5년만에 발표하는 유닛 신곡 ""쩔어""가 수록 되었다.","{'word': 'GD&TOP', 'start_idx': 34, 'end_idx': 39, 'type': 'ORG'}","{'word': '2010년', 'start_idx': 45, 'end_idx': 49, 'type': 'DAT'}",no_relation,wikipedia
29574,29574,"1999년 크라우스-마페이 AG(Krauss-Maffei AG)의 방산 분야와 와 베그만 & Co. GmbH(Wegmann & Co. GmbH)가 합병하여 크라우스-마페이 베그만으로 거듭나 기갑 차량 및 화포, 방공 분야에서 유럽 최고의 방산기업 중 하나가 되었다.","{'word': '크라우스-마페이 베그만', 'start_idx': 87, 'end_idx': 98, 'type': 'ORG'}","{'word': '1999', 'start_idx': 0, 'end_idx': 3, 'type': 'DAT'}",org:founded,wikipedia
29626,29626,카가미네 린·렌은 2007년 12월 27일에 발매 된 ACT1과 2008년 7월 18일에 발매 된 ACT2로 나뉜다.,"{'word': '카가미네 린·렌', 'start_idx': 0, 'end_idx': 7, 'type': 'PER'}","{'word': '2007년 12월 27일', 'start_idx': 10, 'end_idx': 22, 'type': 'DAT'}",no_relation,wikipedia
29645,29645,하이트진로(주)는 2011년 9월 1일 주식회사 진로와 하이트맥주가 통합을 하여 대한민국 최대 주류기업으로 공식 출범했다.,"{'word': '하이트진로(주)', 'start_idx': 0, 'end_idx': 7, 'type': 'ORG'}","{'word': '2011년 9월 1일', 'start_idx': 10, 'end_idx': 20, 'type': 'DAT'}",org:founded,wikipedia
29679,29679,KT&G(사장 백복인)가 궐련형 전자담배 ‘릴 플러스’와 ‘릴 미니’의 전용스틱 신제품 ‘핏 아이싱(Fiit ICEING)’을 19일 전국 편의점 4만3000여 개소에서 동시에 출시한다.,"{'word': 'KT&G', 'start_idx': 0, 'end_idx': 3, 'type': 'ORG'}","{'word': '백복인', 'start_idx': 8, 'end_idx': 10, 'type': 'PER'}",org:top_members/employees,wikitree
29836,29836,"1882년 오스트리아-헝가리 제국에 있던 사설 철도가 국영화되기 시작하였는데, 그 때에 오스트리아 제국철도(k.k. österreichische Staatsbahnen, 약어:kkStB)가 설립되었다.","{'word': '오스트리아-헝가리 제국', 'start_idx': 6, 'end_idx': 17, 'type': 'ORG'}","{'word': '오스트리아 제국', 'start_idx': 49, 'end_idx': 56, 'type': 'ORG'}",no_relation,wikipedia
30017,30017,"마창시내버스협의회 소속 가운데 가장 많은 버스대수를 보유하고 있었던 마산의 (유)시민버스는 누적 적자와 임금 체불 등의 원인이 된 경영 악화로 인해, 2009년 5월에 이르러서는 자산규모 150억 원에 부채는 240억 원에 이르게 되었다.","{'word': '(유)시민버스', 'start_idx': 42, 'end_idx': 48, 'type': 'ORG'}","{'word': '시내버스협의회', 'start_idx': 2, 'end_idx': 8, 'type': 'ORG'}",org:member_of,wikipedia
30787,30787,"단독 호스트 한혜진 씨를 비롯해 김재환, 마마무(MAMAMOO), 우주소녀(WJSN), 청하(CHUNG HA), 투모로우바이투게더(TXT), 펜타곤(PENTAGON), 폴킴, 에이비식스(AB6IX), 데이식스(DAY6), 있지(ITZY), 아이즈원(IZ*ONE), 트와이스(TWICE) 등이 출연해 K-POP 팬들을 위한 무대를 꾸민다.","{'word': 'IZ*ONE', 'start_idx': 139, 'end_idx': 144, 'type': 'PER'}","{'word': 'K-POP', 'start_idx': 167, 'end_idx': 171, 'type': 'POH'}",no_relation,wikitree
31128,31128,"토머스 제퍼슨과 그가 이끄는 민주-공화당이 영국과의 조약을 반대하였지만, 워싱턴은 자신의 특권을 사용하며 강행하였다.","{'word': '민주-공화당', 'start_idx': 16, 'end_idx': 21, 'type': 'ORG'}","{'word': '토머스 제퍼슨', 'start_idx': 0, 'end_idx': 6, 'type': 'PER'}",org:top_members/employees,wikipedia
31957,31957,최재호 무학그룹 회장은 지난달 1일 열린 '(주)무학 창립 90주년 행사'에서 기념사를 통해 “90년의 역사를 지닌 무학이 있기까지 한결같은 마음으로 성원해주신 고객 여러분에게 감사의 마음을 전한다”며 “전국적인 경기침체와 급변하는 주류문화 속에서 무학이 100년 기업으로 나아가기 위해선 지역민의 많은 관심과 성원이 필요하다. 대한민국을 대표하는 글로벌 주류기업으로 성장해 소비자로부터 받은 사랑을 실천하며 고객 만족을 최우선으로 여기는 기업으로 거듭나겠다”고 말했다.,"{'word': '(주)무학', 'start_idx': 24, 'end_idx': 28, 'type': 'ORG'}","{'word': '무학그룹', 'start_idx': 4, 'end_idx': 7, 'type': 'ORG'}",org:member_of,wikitree
